CHROM	POS	REF	ALT	GENE	EFFECT	TRANSCRIPT	HGVS_C	HGVS_P	AF	DP
chr1	46743900	C	T	RAD54L	synonymous_variant	ENST00000371975	c.2190C>T	p.Ala730Ala	GT:AD:AF:DP:F1R2:F2R1:FAD:SB	0/1:396,307:0.447:703:115,91:124,100:245,198:194,202,146,161/AF	723
chr10	43595968	A	G	RET	synonymous_variant	ENST00000355710	c.135A>G	p.Ala45Ala	GT:AD:AF:DP:F1R2:F2R1:FAD:SB	0/1:4,769:0.994:773:2,212:0,179:2,495:2,2,347,422/AF	789
chr10	43606687	A	G	RET	synonymous_variant	ENST00000355710	c.1296A>G	p.Ala432Ala	GT:AD:AF:DP:F1R2:F2R1:FAD:SB	0/1:4,1070:0.997:1074:1,269:0,338:1,661:2,2,533,537/AF	1101
chr10	43613843	G	T	RET	synonymous_variant	ENST00000355710	c.2307G>T	p.Leu769Leu	GT:AD:AF:DP:F1R2:F2R1:FAD:SB	0/1:332,333:0.494:665:93,93:107,102:205,200:161,171,163,170/AF	676
chr10	43615094	C	T	RET	synonymous_variant	ENST00000355710	c.2508C>T	p.Ser836Ser	GT:AD:AF:DP:F1R2:F2R1:FAD:SB	0/1:143,116:0.431:259:44,31:38,33:86,65:76,67,61,55/AF	268
chr10	88635779	C	A	BMPR1A	missense_variant	ENST00000372037	c.4C>A	p.Pro2Thr	GT:AD:AF:DP:F1R2:F2R1:FAD:SB	0/1:213,249:0.53:462:68,63:76,99:148,167:122,91,140,109/AF	466
chr10	123239112	G	A	FGFR2	downstream_gene_variant	ENST00000457416	c.*259C>T		GT:AD:AF:DP:F1R2:F2R1:FAD:SB	0/1:0,626:0.997:626:0,195:0,186:0,393:0,0,344,282/AF	634
chr10	123298158	T	C	FGFR2	structural_interaction_variant	1NUN:B_190-B_232:ENST00000457416	c.696A>G		GT:AD:AF:DP:F1R2:F2R1:FAD:SB	0/1:0,742:0.998:742:0,205:0,259:0,474:0,0,409,333/AF	756
chr11	108106443	T	A	ATM	missense_variant	ENST00000278616	c.378T>A	p.Asp126Glu	GT:AD:AF:DP:F1R2:F2R1:FAD:SB	0/1:175,215:0.554:390:48,72:72,76:122,152:97,78,120,95/AF	402
chr11	108183167	A	G	ATM	missense_variant	ENST00000278616	c.5948A>G	p.Asn1983Ser	GT:AD:AF:DP:F1R2:F2R1:FAD:SB	0/1:0,230:0.994:230:0,63:0,84:0,154:0,0,119,111/AF	238
chr11	108188136	G	A	ATM	missense_variant	ENST00000278616	c.6235G>A	p.Val2079Ile	GT:AD:AF:DP:F1R2:F2R1:FAD:SB	0/1:234,218:0.495:452:71,72:82,71:156,153:111,123,103,115/AF	466
chr11	125525195	A	G	CHEK1	missense_variant	ENST00000427383	c.1459A>G	p.Ile487Val	GT:AD:AF:DP:F1R2:F2R1:FAD:SB	0/1:0,431:0.997:431:0,116:0,132:0,284:0,0,196,235/AF	436
chr12	6647109	T	C	GAPDH	structural_interaction_variant	1U8F:O_275-O_295:ENST00000229239	c.885T>C		GT:AD:AF:DP:F1R2:F2R1:FAD:SB	0/1:785,44:0.061:829:254,18:244,15:529,34:431,354,24,20/AF	850
chr12	25362777	A	G	KRAS	3_prime_UTR_variant	ENST00000256078	c.*73T>C		GT:AD:AF:DP:F1R2:F2R1:FAD:SB	0/1:176,23:0.132:199:58,9:54,8:117,17:97,79,15,8/AF	205
chr12	25368462	C	T	KRAS	structural_interaction_variant	3GFT:A_47-A_161:ENST00000256078	c.483G>A		GT:AD:AF:DP:F1R2:F2R1:FAD:SB	0/1:0,682:0.998:682:0,239:0,220:0,470:0,0,343,339/AF	695
chr12	56477694	A	T	ERBB3	splice_region_variant&intron_variant	ENST00000267101	c.234+8A>T		GT:AD:AF:DP:F1R2:F2R1:FAD:SB	0/1:433,398:0.475:831:116,123:134,112:267,241:204,229,187,211/AF	861
chr12	56494998	A	T	ERBB3	missense_variant	ENST00000267101	c.3355A>T	p.Ser1119Cys	GT:AD:AF:DP:F1R2:F2R1:FAD:SB	0/1:327,301:0.491:628:117,86:84,98:214,207:174,153,152,149/AF	649
chr12	56495306	C	T	ERBB3	splice_region_variant&intron_variant	ENST00000267101	c.3503-7C>T		GT:AD:AF:DP:F1R2:F2R1:FAD:SB	0/1:406,360:0.485:766:127,127:126,121:283,267:197,209,175,185/AF	792
chr12	133208979	T	C	POLE	synonymous_variant	ENST00000320574	c.6252A>G	p.Ser2084Ser	GT:AD:AF:DP:F1R2:F2R1:FAD:SB	0/1:15,1237:0.998:1252:0,321:1,428:3,826:14,1,620,617/AF	1303
chr12	133219831	T	C	POLE	synonymous_variant	ENST00000320574	c.4530A>G	p.Ala1510Ala	GT:AD:AF:DP:F1R2:F2R1:FAD:SB	0/1:0,554:0.997:554:0,156:0,194:0,360:0,0,326,228/AF	576
chr12	133220526	T	C	POLE	missense_variant	ENST00000320574	c.4187A>G	p.Asn1396Ser	GT:AD:AF:DP:F1R2:F2R1:FAD:SB	0/1:446,628:0.592:1074:117,177:145,197:270,392:222,224,302,326/AF	1088
chr12	133236000	C	T	POLE	synonymous_variant	ENST00000320574	c.3156G>A	p.Thr1052Thr	GT:AD:AF:DP:F1R2:F2R1:FAD:SB	0/1:0,712:0.998:712:0,214:0,224:0,458:0,0,377,335/AF	752
chr12	133252796	C	G	POLE	splice_region_variant&intron_variant	ENST00000320574	c.910-6G>C		GT:AD:AF:DP:F1R2:F2R1:FAD:SB	0/1:501,519:0.513:1020:132,152:145,136:322,338:241,260,238,281/AF	1051
chr13	32893344	A	G	BRCA2	synonymous_variant	ENST00000380152	c.198A>G	p.Gln66Gln	GT:AD:AF:DP:F1R2:F2R1:FAD:SB	0/1:273,196:0.415:469:86,55:100,77:195,138:135,138,101,95/AF	487
chr13	32906480	A	C	BRCA2	missense_variant	ENST00000380152	c.865A>C	p.Asn289His	GT:AD:AF:DP:F1R2:F2R1:FAD:SB	0/1:116,134:0.548:250:30,43:51,51:85,104:62,54,76,58/AF	257
chr13	32906980	A	G	BRCA2	synonymous_variant	ENST00000380152	c.1365A>G	p.Ser455Ser	GT:AD:AF:DP:F1R2:F2R1:FAD:SB	0/1:219,231:0.521:450:77,81:77,83:162,176:115,104,108,123/AF	460
chr13	32910721	T	C	BRCA2	synonymous_variant	ENST00000380152	c.2229T>C	p.His743His	GT:AD:AF:DP:F1R2:F2R1:FAD:SB	0/1:271,332:0.554:603:94,119:89,113:190,236:141,130,171,161/AF	622
chr13	32911463	A	G	BRCA2	missense_variant	ENST00000380152	c.2971A>G	p.Asn991Asp	GT:AD:AF:DP:F1R2:F2R1:FAD:SB	0/1:186,213:0.539:399:60,59:65,92:130,152:86,100,100,113/AF	407
chr13	32911888	A	G	BRCA2	synonymous_variant	ENST00000380152	c.3396A>G	p.Lys1132Lys	GT:AD:AF:DP:F1R2:F2R1:FAD:SB	0/1:287,219:0.435:506:84,67:114,86:204,157:158,129,110,109/AF	516
chr13	32913055	A	G	BRCA2	synonymous_variant	ENST00000380152	c.4563A>G	p.Leu1521Leu	GT:AD:AF:DP:F1R2:F2R1:FAD:SB	0/1:0,633:0.998:633:0,177:0,233:0,453:0,0,332,301/AF	655
chr13	32915005	G	C	BRCA2	synonymous_variant	ENST00000380152	c.6513G>C	p.Val2171Val	GT:AD:AF:DP:F1R2:F2R1:FAD:SB	0/1:0,466:0.997:466:0,167:0,168:0,348:0,0,239,227/AF	487
chr13	32929387	T	C	BRCA2	missense_variant	ENST00000380152	c.7397T>C	p.Val2466Ala	GT:AD:AF:DP:F1R2:F2R1:FAD:SB	0/1:0,525:0.997:525:0,158:0,201:0,372:0,0,228,297/AF	532
chr13	49051481	T	A	RB1	intron_variant	ENST00000267163	c.2664-10T>A		GT:AD:AF:DP:F1R2:F2R1:FAD:SB	0/1:115,120:0.51:235:33,38:44,41:77,81:67,48,70,50/AF	241
chr14	75513828	G	A	MLH3	missense_variant	ENST00000355774	c.2531C>T	p.Pro844Leu	GT:AD:AF:DP:F1R2:F2R1:FAD:SB	0/1:0,611:0.998:611:0,215:0,202:0,436:0,0,304,307/AF	632
chr14	75513883	T	C	MLH3	missense_variant	ENST00000355774	c.2476A>G	p.Asn826Asp	GT:AD:AF:DP:F1R2:F2R1:FAD:SB	0/1:0,681:0.998:681:0,201:0,204:0,474:0,0,333,348/AF	693
chr16	23619235	A	C	PALB2	synonymous_variant	ENST00000261584	c.3300T>G	p.Thr1100Thr	GT:AD:AF:DP:F1R2:F2R1:FAD:SB	0/1:355,277:0.443:632:116,88:104,83:226,180:186,169,143,134/AF	650
chr16	23641461	C	G	PALB2	missense_variant	ENST00000261584	c.2014G>C	p.Glu672Gln	GT:AD:AF:DP:F1R2:F2R1:FAD:SB	0/1:504,356:0.412:860:175,116:165,125:357,250:260,244,174,182/AF	888
chr16	23646191	T	C	PALB2	missense_variant	ENST00000261584	c.1676A>G	p.Gln559Arg	GT:AD:AF:DP:F1R2:F2R1:FAD:SB	0/1:377,240:0.374:617:127,70:125,86:265,158:224,153,144,96/AF	634
chr17	7578470	CG	C	TP53	frameshift_variant	ENST00000269305	c.459delC	p.Gly154fs	GT:AD:AF:DP:F1R2:F2R1:FAD:SB	0/1:283,260:0.484:543:58,55:96,95:183,172:148,135,135,125/AF	556
chr17	7579472	G	C	TP53	missense_variant	ENST00000269305	c.215C>G	p.Pro72Arg	GT:AD:AF:DP:F1R2:F2R1:FAD:SB	0/1:157,432:0.741:589:33,101:60,175:99,285:74,83,212,220/AF	604
chr17	37855834	C	A	ERBB2	upstream_gene_variant	ENST00000269571	c.-658C>A		GT:AD:AF:DP:F1R2:F2R1:FAD:SB	0/1:392,237:0.385:629:114,70:119,74:256,160:182,210,113,124/AF	638
chr17	37884037	C	G	ERBB2	missense_variant	ENST00000269571	c.3508C>G	p.Pro1170Ala	GT:AD:AF:DP:F1R2:F2R1:FAD:SB	0/1:0,168:0.991:168:0,53:0,49:0,104:0,0,89,79/AF	169
chr17	41223094	T	C	BRCA1	missense_variant	ENST00000471181	c.4900A>G	p.Ser1634Gly	GT:AD:AF:DP:F1R2:F2R1:FAD:SB	0/1:399,573:0.59:972:123,170:139,197:270,390:203,196,286,287/AF	990
chr17	41234470	A	G	BRCA1	synonymous_variant	ENST00000471181	c.4308T>C	p.Ser1436Ser	GT:AD:AF:DP:F1R2:F2R1:FAD:SB	0/1:460,677:0.6:1137:127,207:156,215:290,436:225,235,331,346/AF	1157
chr17	41244000	T	C	BRCA1	missense_variant	ENST00000471181	c.3548A>G	p.Lys1183Arg	GT:AD:AF:DP:F1R2:F2R1:FAD:SB	0/1:368,541:0.589:909:123,169:128,181:258,371:183,185,257,284/AF	924
chr17	41244435	T	C	BRCA1	missense_variant	ENST00000471181	c.3113A>G	p.Glu1038Gly	GT:AD:AF:DP:F1R2:F2R1:FAD:SB	0/1:246,317:0.558:563:90,126:87,105:188,238:122,124,168,149/AF	578
chr17	41244936	G	A	BRCA1	missense_variant	ENST00000471181	c.2612C>T	p.Pro871Leu	GT:AD:AF:DP:F1R2:F2R1:FAD:SB	0/1:396,510:0.559:906:140,184:128,152:278,353:195,201,242,268/AF	919
chr17	41245237	A	G	BRCA1	synonymous_variant	ENST00000471181	c.2311T>C	p.Leu771Leu	GT:AD:AF:DP:F1R2:F2R1:FAD:SB	0/1:326,436:0.575:762:121,155:108,148:238,322:162,164,222,214/AF	786
chr17	41245466	G	A	BRCA1	sequence_feature	ENST00000471181	c.2082C>T		GT:AD:AF:DP:F1R2:F2R1:FAD:SB	0/1:397,586:0.594:983:173,208:107,198:286,420:206,191,288,298/AF	1002
chr17	59763465	T	C	BRIP1	synonymous_variant	ENST00000259008	c.2637A>G	p.Glu879Glu	GT:AD:AF:DP:F1R2:F2R1:FAD:SB	0/1:267,430:0.626:697:71,128:98,153:173,290:119,148,204,226/AF	725
chr18	48591865	C	G	SMAD4	stop_gained	ENST00000342988	c.1028C>G	p.Ser343*	GT:AD:AF:DP:F1R2:F2R1:FAD:SB	0/1:366,234:0.375:600:104,73:126,70:247,148:187,179,124,110/AF	614
chr19	4101062	G	T	MAP2K2	synonymous_variant	ENST00000262948	c.660C>A	p.Ile220Ile	GT:AD:AF:DP:F1R2:F2R1:FAD:SB	0/1:383,126:0.245:509:88,23:121,44:218,70:182,201,62,64/AF	516
chr19	4102449	G	A	MAP2K2	splice_region_variant&synonymous_variant	ENST00000262948	c.453C>T	p.Asp151Asp	GT:AD:AF:DP:F1R2:F2R1:FAD:SB	0/1:82,211:0.707:293:18,54:31,65:52,127:38,44,98,113/AF	302
chr19	4117528	G	A	MAP2K2	synonymous_variant	ENST00000262948	c.192C>T	p.Val64Val	GT:AD:AF:DP:F1R2:F2R1:FAD:SB	0/1:448,125:0.227:573:149,48:109,28:264,77:234,214,64,61/AF	580
chr19	50905189	G	T	POLD1	splice_region_variant&intron_variant	ENST00000595904	c.463+8G>T		GT:AD:AF:DP:F1R2:F2R1:FAD:SB	0/1:74,30:0.334:104:25,17:20,6:47,23:39,35,18,12/AF	105
chr2	29416366	G	C	ALK	missense_variant	ENST00000389048	c.4587C>G	p.Asp1529Glu	GT:AD:AF:DP:F1R2:F2R1:FAD:SB	0/1:369,318:0.463:687:110,93:130,114:250,215:195,174,165,153/AF	708
chr2	29445458	G	T	ALK	synonymous_variant	ENST00000389048	c.3375C>A	p.Gly1125Gly	GT:AD:AF:DP:F1R2:F2R1:FAD:SB	0/1:306,307:0.496:613:104,89:97,107:213,210:160,146,160,147/AF	626
chr2	29446202	G	A	ALK	splice_region_variant&intron_variant	ENST00000389048	c.3359+6C>T		GT:AD:AF:DP:F1R2:F2R1:FAD:SB	0/1:416,472:0.519:888:128,124:134,156:285,309:217,199,242,230/AF	908
chr2	29455267	A	G	ALK	synonymous_variant	ENST00000389048	c.2535T>C	p.Gly845Gly	GT:AD:AF:DP:F1R2:F2R1:FAD:SB	0/1:216,216:0.498:432:63,76:66,57:137,136:103,113,111,105/AF	440
chr2	29543663	T	C	ALK	synonymous_variant	ENST00000389048	c.1500A>G	p.Gln500Gln	GT:AD:AF:DP:F1R2:F2R1:FAD:SB	0/1:1,979:0.998:980:0,240:0,320:0,607:0,1,501,478/AF	1013
chr2	29940529	A	T	ALK	synonymous_variant	ENST00000389048	c.702T>A	p.Pro234Pro	GT:AD:AF:DP:F1R2:F2R1:FAD:SB	0/1:551,495:0.482:1046:157,135:194,192:360,334:263,288,259,236/AF	1066
chr2	47601106	T	C	EPCAM	missense_variant	ENST00000405271	c.428T>C	p.Met143Thr	GT:AD:AF:DP:F1R2:F2R1:FAD:SB	0/1:338,336:0.499:674:73,89:143,115:222,222:167,171,160,176/AF	709
chr2	47630550	C	G	MSH2	intron_variant	ENST00000233146	c.211+9C>G		GT:AD:AF:DP:F1R2:F2R1:FAD:SB	0/1:121,103:0.459:224:27,24:41,33:71,60:54,67,46,57/AF	229
chr2	47643476	C	T	MSH2	synonymous_variant	ENST00000233146	c.984C>T	p.Ala328Ala	GT:AD:AF:DP:F1R2:F2R1:FAD:SB	0/1:394,380:0.491:774:134,116:111,124:256,246:203,191,193,187/AF	796
chr2	190738318	T	C	PMS1	missense_variant	ENST00000441310	c.2570T>C	p.Ile857Thr	GT:AD:AF:DP:F1R2:F2R1:FAD:SB	0/1:125,268:0.681:393:37,72:42,98:82,177:57,68,135,133/AF	406
chr2	215632255	CA	TG	BARD1	structural_interaction_variant	3C5R:A_507-A_538:ENST00000260947	c.1518_1519delTGinsCA		GT:AD:AF:DP:F1R2:F2R1:FAD:SB	0/1:0,683:0.998:683:0,197:0,238:0,464:0,0,360,323/AF	722
chr2	215645464	C	G	BARD1	missense_variant	ENST00000260947	c.1134G>C	p.Arg378Ser	GT:AD:AF:DP:F1R2:F2R1:FAD:SB	0/1:0,733:0.998:733:0,239:0,249:0,497:0,0,378,355/AF	749
chr3	41266113	C	A	CTNNB1	missense_variant	ENST00000349496	c.110C>A	p.Ser37Tyr	GT:AD:AF:DP:F1R2:F2R1:FAD:SB	0/1:378,274:0.424:652:114,89:124,89:244,179:196,182,138,136/AF	661
chr4	1803704	T	C	FGFR3	sequence_feature	ENST00000340107	c.882T>C		GT:AD:AF:DP:F1R2:F2R1:FAD:SB	0/1:148,209:0.576:357:41,51:45,64:88,120:76,72,106,103/AF	363
chr4	1807894	G	A	FGFR3	synonymous_variant	ENST00000340107	c.1959G>A	p.Thr653Thr	GT:AD:AF:DP:F1R2:F2R1:FAD:SB	0/1:0,509:0.997:509:0,141:0,170:0,323:0,0,271,238/AF	523
chr4	55139771	T	C	PDGFRA	missense_variant	ENST00000257290	c.1432T>C	p.Ser478Pro	GT:AD:AF:DP:F1R2:F2R1:FAD:SB	0/1:207,161:0.459:368:72,95:50,9:130,110:107,100,78,83/AF	380
chr4	55141055	A	G	PDGFRA	synonymous_variant	ENST00000257290	c.1701A>G	p.Pro567Pro	GT:AD:AF:DP:F1R2:F2R1:FAD:SB	0/1:0,838:0.998:838:0,234:0,292:0,547:0,0,425,413/AF	854
chr4	55143577	G	A	FIP1L1	synonymous_variant	ENST00000507166	c.1089G>A	p.Ala363Ala	GT:AD:AF:DP:F1R2:F2R1:FAD:SB	0/1:387,438:0.535:825:103,117:127,149:243,279:199,188,223,215/AF	841
chr4	55152040	C	T	FIP1L1	synonymous_variant	ENST00000507166	c.1752C>T	p.Val584Val	GT:AD:AF:DP:F1R2:F2R1:FAD:SB	0/1:467,441:0.498:908:141,142:132,129:286,284:238,229,223,218/AF	927
chr4	55161391	T	C	FIP1L1	synonymous_variant	ENST00000507166	c.2502T>C	p.Asp834Asp	GT:AD:AF:DP:F1R2:F2R1:FAD:SB	0/1:0,839:0.998:839:0,233:0,269:0,527:0,0,411,428/AF	858
chr5	112162854	T	C	APC	structural_interaction_variant	3AU3:A_439-A_486:ENST00000257430	c.1458T>C		GT:AD:AF:DP:F1R2:F2R1:FAD:SB	0/1:356,141:0.288:497:104,37:124,53:234,94:181,175,74,67/AF	509
chr5	112164561	G	A	APC	synonymous_variant	ENST00000257430	c.1635G>A	p.Ala545Ala	GT:AD:AF:DP:F1R2:F2R1:FAD:SB	0/1:315,103:0.246:418:88,21:121,47:211,68:176,139,60,43/AF	425
chr5	112175770	G	A	APC	protein_protein_contact	1T08:A_387-C_1493:ENST00000349496-ENST00000257430	c.4479G>A		GT:AD:AF:DP:F1R2:F2R1:FAD:SB	0/1:412,151:0.272:563:117,41:146,59:272,101:208,204,79,72/AF	567
chr5	112176325	G	A	APC	synonymous_variant	ENST00000257430	c.5034G>A	p.Gly1678Gly	GT:AD:AF:DP:F1R2:F2R1:FAD:SB	0/1:379,109:0.22:488:108,33:148,37:264,74:189,190,55,54/AF	501
chr5	112176559	T	G	APC	synonymous_variant	ENST00000257430	c.5268T>G	p.Ser1756Ser	GT:AD:AF:DP:F1R2:F2R1:FAD:SB	0/1:379,123:0.249:502:128,51:126,34:259,85:188,191,58,65/AF	509
chr5	112176756	T	A	APC	missense_variant	ENST00000257430	c.5465T>A	p.Val1822Asp	GT:AD:AF:DP:F1R2:F2R1:FAD:SB	0/1:0,389:0.997:389:0,138:0,147:0,294:0,0,203,186/AF	399
chr5	112177171	G	A	APC	synonymous_variant	ENST00000257430	c.5880G>A	p.Pro1960Pro	GT:AD:AF:DP:F1R2:F2R1:FAD:SB	0/1:328,117:0.259:445:93,30:131,51:236,82:165,163,61,56/AF	458
chr5	149497177	T	C	PDGFRB	splice_region_variant&intron_variant	ENST00000261799	c.3137+4A>G		GT:AD:AF:DP:F1R2:F2R1:FAD:SB	0/1:167,43:0.208:210:52,9:59,20:113,29:97,70,25,18/AF	217
chr5	149499672	T	C	PDGFRB	synonymous_variant	ENST00000261799	c.2601A>G	p.Leu867Leu	GT:AD:AF:DP:F1R2:F2R1:FAD:SB	0/1:561,110:0.177:671:150,25:176,42:333,71:258,303,52,58/AF	685
chr6	117631431	T	G	ROS1	structural_interaction_variant	4UXL:A_2083-A_2127:ENST00000368508	c.6247A>C		GT:AD:AF:DP:F1R2:F2R1:FAD:SB	0/1:243,80:0.252:323:61,21:99,31:164,55:105,138,35,45/AF	327
chr6	117639419	T	C	ROS1	splice_region_variant&intron_variant	ENST00000368508	c.5941-4A>G		GT:AD:AF:DP:F1R2:F2R1:FAD:SB	0/1:371,142:0.274:513:107,33:87,39:243,91:173,198,66,76/AF	520
chr6	117678083	A	G	ROS1	splice_region_variant&intron_variant	ENST00000368508	c.3855-5T>C		GT:AD:AF:DP:F1R2:F2R1:FAD:SB	0/1:71,227:0.765:298:23,66:21,72:51,167:27,44,92,135/AF	303
chr6	117724379	C	T	ROS1	missense_variant	ENST00000368508	c.500G>A	p.Arg167Gln	GT:AD:AF:DP:F1R2:F2R1:FAD:SB	0/1:408,169:0.288:577:99,48:138,47:268,108:193,215,83,86/AF	590
chr6	117725578	T	A	ROS1	synonymous_variant	ENST00000368508	c.303A>T	p.Leu101Leu	GT:AD:AF:DP:F1R2:F2R1:FAD:SB	0/1:453,154:0.261:607:123,45:149,52:293,103:209,244,66,88/AF	623
chr7	6022626	C	T	PMS2	splice_region_variant&intron_variant	ENST00000265849	c.2007-4G>A		GT:AD:AF:DP:F1R2:F2R1:FAD:SB	0/1:103,111:0.521:214:38,38:39,46:79,86:51,52,53,58/AF	218
chr7	6026775	T	C	PMS2	missense_variant	ENST00000265849	c.1621A>G	p.Lys541Glu	GT:AD:AF:DP:F1R2:F2R1:FAD:SB	0/1:0,785:0.998:785:0,269:0,253:0,548:0,0,311,474/AF	807
chr7	6026988	G	A	PMS2	missense_variant	ENST00000265849	c.1408C>T	p.Pro470Ser	GT:AD:AF:DP:F1R2:F2R1:FAD:SB	0/1:292,383:0.549:675:88,110:112,128:207,252:167,125,206,177/AF	694
chr7	6036980	G	C	PMS2	synonymous_variant	ENST00000265849	c.780C>G	p.Ser260Ser	GT:AD:AF:DP:F1R2:F2R1:FAD:SB	0/1:151,211:0.579:362:50,56:52,85:106,146:87,64,119,92/AF	374
chr7	55214348	C	T	EGFR	synonymous_variant	ENST00000275493	c.474C>T	p.Asn158Asn	GT:AD:AF:DP:F1R2:F2R1:FAD:SB	0/1:261,325:0.572:586:76,99:70,99:151,202:136,125,173,152/AF	607
chr7	55214443	G	A	EGFR	intron_variant	ENST00000275493	c.559+10G>A		GT:AD:AF:DP:F1R2:F2R1:FAD:SB	0/1:242,308:0.564:550:76,94:74,99:154,200:108,134,136,172/AF	556
chr7	55229255	G	A	EGFR	missense_variant	ENST00000275493	c.1562G>A	p.Arg521Lys	GT:AD:AF:DP:F1R2:F2R1:FAD:SB	0/1:251,170:0.393:421:73,47:83,55:160,103:143,108,96,74/AF	437
chr7	55238087	C	T	EGFR	intron_variant	ENST00000275493	c.1881-781C>T		GT:AD:AF:DP:F1R2:F2R1:FAD:SB	0/1:291,451:0.603:742:82,128:59,110:189,288:129,162,210,241/AF	767
chr7	55238874	T	A	EGFR	synonymous_variant	ENST00000275493	c.1887T>A	p.Thr629Thr	GT:AD:AF:DP:F1R2:F2R1:FAD:SB	0/1:428,265:0.389:693:126,78:135,87:268,170:211,217,138,127/AF	706
chr7	55249063	G	A	EGFR	structural_interaction_variant	1XKK:A_714-A_787:ENST00000275493	c.2361G>A		GT:AD:AF:DP:F1R2:F2R1:FAD:SB	0/1:131,224:0.629:355:49,77:35,66:85,145:79,52,133,91/AF	361
chr7	55266417	T	C	EGFR	synonymous_variant	ENST00000275493	c.2709T>C	p.Thr903Thr	GT:AD:AF:DP:F1R2:F2R1:FAD:SB	0/1:0,598:0.997:598:0,182:0,182:0,389:0,0,326,272/AF	604
chr7	55268916	C	T	EGFR	synonymous_variant	ENST00000275493	c.2982C>T	p.Asp994Asp	GT:AD:AF:DP:F1R2:F2R1:FAD:SB	0/1:1,591:0.997:592:0,179:0,152:0,370:1,0,300,291/AF	611
chr7	116339672	C	T	MET	synonymous_variant	ENST00000318493	c.534C>T	p.Ser178Ser	GT:AD:AF:DP:F1R2:F2R1:FAD:SB	0/1:211,547:0.718:758:64,167:76,180:144,369:113,98,275,272/AF	782
chr7	116340262	A	G	MET	missense_variant	ENST00000318493	c.1124A>G	p.Asn375Ser	GT:AD:AF:DP:F1R2:F2R1:FAD:SB	0/1:205,483:0.704:688:61,142:70,164:137,325:113,92,241,242/AF	706
chr7	116435768	C	T	MET	synonymous_variant	ENST00000318493	c.3912C>T	p.Asp1304Asp	GT:AD:AF:DP:F1R2:F2R1:FAD:SB	0/1:544,198:0.268:742:162,64:173,56:348,127:289,255,106,92/AF	775
chr7	116436022	G	A	MET	synonymous_variant	ENST00000318493	c.4071G>A	p.Ala1357Ala	GT:AD:AF:DP:F1R2:F2R1:FAD:SB	0/1:664,244:0.263:908:216,70:196,75:443,158:316,348,120,124/AF	936
chr7	116436097	G	A	MET	synonymous_variant	ENST00000318493	c.4146G>A	p.Pro1382Pro	GT:AD:AF:DP:F1R2:F2R1:FAD:SB	0/1:649,204:0.249:853:178,56:164,50:412,137:308,341,97,107/AF	867
chr7	140426257	A	G	BRAF	intragenic_variant	ENSG00000157764	n.140426257T>C		GT:AD:AF:DP:F1R2:F2R1:FAD:SB	0/1:351,90:0.202:441:98,23:141,37:247,62:172,179,44,46/AF	454
chr9	5050706	C	T	JAK2	synonymous_variant	ENST00000381652	c.489C>T	p.His163His	GT:AD:AF:DP:F1R2:F2R1:FAD:SB	0/1:0,362:0.996:362:0,101:0,129:0,247:0,0,195,167/AF	366
chr9	5081780	G	A	JAK2	synonymous_variant	ENST00000381652	c.2490G>A	p.Leu830Leu	GT:AD:AF:DP:F1R2:F2R1:FAD:PGT:PID:PS:SB	0|1:0,305:0.995:305:0,87:0,112:0,204:0|1:5081775_G_A:5081775:0,0,167,138/AF	307
chr9	5090736	T	C	JAK2	splice_region_variant&intron_variant	ENST00000381652	c.2887-3T>C		GT:AD:AF:DP:F1R2:F2R1:FAD:SB	0/1:177,72:0.274:249:51,18:78,32:134,50:93,84,43,29/AF	260
chr9	133761001	A	G	ABL1	synonymous_variant	ENST00000372348	c.3381A>G	p.Pro1127Pro	GT:AD:AF:DP:F1R2:F2R1:FAD:SB	0/1:0,641:0.998:641:0,162:0,153:0,396:0,0,313,328/AF	657
